col_1,col_2,col_3,col_4,media_linha
2.6,2.8,34.729,0.069,10.0495
0.139,1.612,1.673,5.893,2.32925
0.263,0.372,2.6,2.8,1.50875
34.729,0.069,0.139,1.612,9.137250000000002
1.673,5.893,0.263,0.372,2.05025
7.881,2.149,7.881,2.149,5.015000000000001
